set echo on
set linesize 1000
set pagesize 300
set trimspool on

spool c:\temp\StyleRules_SecondaryConductor.log
--**************************************************************************************
-- SCRIPT NAME: StyleRules_SecondaryConductor.sql
--**************************************************************************************
-- AUTHOR			    : INGRNET\RRADASE
-- DATE				    : 13-MAR-2018
-- PRODUCT VERSION	: 10.3.0
-- PRJ IDENTIFIER	: G/TECHNOLOGY - ONCOR
-- PROGRAM DESC		: Styles and style rules for Secondary Conductor
--**************************************************************************************
-- Modified:
--  06-JUL-2018, Rich Adase -- Updated style rules based on Bundle Code (in lieu of obsolete attribute Wire Quantity)
--  17-JUL-2018, Rich Adase -- SME symbology review
--**************************************************************************************

alter trigger M_T_AUDR_G3E_STYLERULE_RULE disable;
alter trigger M_T_AUD_G3E_STYLERULE_RULE disable;

declare
  TYPE numArray IS TABLE OF NUMBER INDEX BY PLS_INTEGER;
  arrSNO  numArray;
  i       PLS_INTEGER;
begin
  select distinct G3E_SNO
    bulk collect into arrSNO
    from G3E_STYLERULE
    where G3E_RULE in ('Secondary Conductor Linear', 'Secondary Conductor Linear - OMS'
                      ,'Secondary Conductor - OH Linear','Secondary Conductor - OH Detail Linear  '
                      ,'Secondary Conductor - UG Linear','Secondary Conductor - OH Network Linear'
                      ,'Secondary Conductor - UG Network Linear');
  
  delete from G3E_STYLERULE where G3E_RULE = 'Secondary Conductor Linear';
  delete from G3E_STYLERULE where G3E_RULE = 'Secondary Conductor Linear - OMS';
  
  delete from G3E_STYLERULE where G3E_RULE = 'Secondary Conductor - OH Linear'; -- obsolete
  delete from G3E_STYLERULE where G3E_RULE = 'Secondary Conductor - OH Detail Linear  '; -- obsolete
  delete from G3E_STYLERULE where G3E_RULE = 'Secondary Conductor - UG Linear'; -- obsolete
  delete from G3E_STYLERULE where G3E_RULE = 'Secondary Conductor - OH Network Linear'; -- obsolete
  delete from G3E_STYLERULE where G3E_RULE = 'Secondary Conductor - UG Network Linear'; -- obsolete

  for i in 1..arrSNO.COUNT loop
    delete from G3E_LINESTYLE where G3E_SNO = arrSNO(i);
    delete from G3E_STYLE where G3E_SNO = arrSNO(i);
  end loop;
end;
/

alter trigger M_T_AUDR_G3E_STYLERULE_RULE enable;
alter trigger M_T_AUD_G3E_STYLERULE_RULE enable;


delete from G3E_LINESTYLE where G3E_SNO between 53301 and 53317;
delete from G3E_NORMALIZEDSTROKE where G3E_SPNO between 53101 and 53199;
delete from G3E_POINTSTYLE where G3E_SNO between 301 and 349;


-- Stroke patterns & symbols

insert into G3E_POINTSTYLE(G3E_SNO,G3E_USERNAME,G3E_FONTNAME,G3E_SYMBOL,G3E_COLOR,G3E_SIZE,G3E_ALIGNMENT,G3E_ROTATION,G3E_USEMASK,G3E_MASKSYMBOL,G3E_PLOTREDLINE,G3E_STYLEUNITS) values (301,'Stroke Symbol - Secondary Conductor 2-wire PPI','AEGIS Misc',CHR(124),10158079,7,0,0,0,null,0,1);
insert into G3E_POINTSTYLE(G3E_SNO,G3E_USERNAME,G3E_FONTNAME,G3E_SYMBOL,G3E_COLOR,G3E_SIZE,G3E_ALIGNMENT,G3E_ROTATION,G3E_USEMASK,G3E_MASKSYMBOL,G3E_PLOTREDLINE,G3E_STYLEUNITS) values (302,'Stroke Symbol - Secondary Conductor 2-wire PPR','AEGIS Misc',CHR(124),14540253,7,0,0,0,null,0,1);
insert into G3E_POINTSTYLE(G3E_SNO,G3E_USERNAME,G3E_FONTNAME,G3E_SYMBOL,G3E_COLOR,G3E_SIZE,G3E_ALIGNMENT,G3E_ROTATION,G3E_USEMASK,G3E_MASKSYMBOL,G3E_PLOTREDLINE,G3E_STYLEUNITS) values (303,'Stroke Symbol - Secondary Conductor 2-wire OSR','AEGIS Misc',CHR(124),5921370,7,0,0,0,null,0,1);
insert into G3E_POINTSTYLE(G3E_SNO,G3E_USERNAME,G3E_FONTNAME,G3E_SYMBOL,G3E_COLOR,G3E_SIZE,G3E_ALIGNMENT,G3E_ROTATION,G3E_USEMASK,G3E_MASKSYMBOL,G3E_PLOTREDLINE,G3E_STYLEUNITS) values (304,'Stroke Symbol - Secondary Conductor 2-wire default','AEGIS Misc',CHR(124),16768256,7,0,0,0,null,0,1);
insert into G3E_POINTSTYLE(G3E_SNO,G3E_USERNAME,G3E_FONTNAME,G3E_SYMBOL,G3E_COLOR,G3E_SIZE,G3E_ALIGNMENT,G3E_ROTATION,G3E_USEMASK,G3E_MASKSYMBOL,G3E_PLOTREDLINE,G3E_STYLEUNITS) values (305,'Stroke Symbol - Secondary Conductor 3-wire PPI','AEGIS Misc',CHR(125),10158079,7,0,0,0,null,0,1);
insert into G3E_POINTSTYLE(G3E_SNO,G3E_USERNAME,G3E_FONTNAME,G3E_SYMBOL,G3E_COLOR,G3E_SIZE,G3E_ALIGNMENT,G3E_ROTATION,G3E_USEMASK,G3E_MASKSYMBOL,G3E_PLOTREDLINE,G3E_STYLEUNITS) values (306,'Stroke Symbol - Secondary Conductor 3-wire PPR','AEGIS Misc',CHR(125),14540253,7,0,0,0,null,0,1);
insert into G3E_POINTSTYLE(G3E_SNO,G3E_USERNAME,G3E_FONTNAME,G3E_SYMBOL,G3E_COLOR,G3E_SIZE,G3E_ALIGNMENT,G3E_ROTATION,G3E_USEMASK,G3E_MASKSYMBOL,G3E_PLOTREDLINE,G3E_STYLEUNITS) values (307,'Stroke Symbol - Secondary Conductor 3-wire OSR','AEGIS Misc',CHR(125),5921370,7,0,0,0,null,0,1);
insert into G3E_POINTSTYLE(G3E_SNO,G3E_USERNAME,G3E_FONTNAME,G3E_SYMBOL,G3E_COLOR,G3E_SIZE,G3E_ALIGNMENT,G3E_ROTATION,G3E_USEMASK,G3E_MASKSYMBOL,G3E_PLOTREDLINE,G3E_STYLEUNITS) values (308,'Stroke Symbol - Secondary Conductor 3-wire default','AEGIS Misc',CHR(125),16768256,7,0,0,0,null,0,1);
insert into G3E_POINTSTYLE(G3E_SNO,G3E_USERNAME,G3E_FONTNAME,G3E_SYMBOL,G3E_COLOR,G3E_SIZE,G3E_ALIGNMENT,G3E_ROTATION,G3E_USEMASK,G3E_MASKSYMBOL,G3E_PLOTREDLINE,G3E_STYLEUNITS) values (309,'Stroke Symbol - Secondary Conductor Neutral PPI','AEGIS Misc',CHR(126),10158079,7,0,0,0,null,0,1);
insert into G3E_POINTSTYLE(G3E_SNO,G3E_USERNAME,G3E_FONTNAME,G3E_SYMBOL,G3E_COLOR,G3E_SIZE,G3E_ALIGNMENT,G3E_ROTATION,G3E_USEMASK,G3E_MASKSYMBOL,G3E_PLOTREDLINE,G3E_STYLEUNITS) values (310,'Stroke Symbol - Secondary Conductor Neutral PPR','AEGIS Misc',CHR(126),14540253,7,0,0,0,null,0,1);
insert into G3E_POINTSTYLE(G3E_SNO,G3E_USERNAME,G3E_FONTNAME,G3E_SYMBOL,G3E_COLOR,G3E_SIZE,G3E_ALIGNMENT,G3E_ROTATION,G3E_USEMASK,G3E_MASKSYMBOL,G3E_PLOTREDLINE,G3E_STYLEUNITS) values (311,'Stroke Symbol - Secondary Conductor Neutral OSR','AEGIS Misc',CHR(126),5921370,7,0,0,0,null,0,1);
insert into G3E_POINTSTYLE(G3E_SNO,G3E_USERNAME,G3E_FONTNAME,G3E_SYMBOL,G3E_COLOR,G3E_SIZE,G3E_ALIGNMENT,G3E_ROTATION,G3E_USEMASK,G3E_MASKSYMBOL,G3E_PLOTREDLINE,G3E_STYLEUNITS) values (312,'Stroke Symbol - Secondary Conductor Neutral default','AEGIS Misc',CHR(126),16768256,7,0,0,0,null,0,1);

insert into G3E_NORMALIZEDSTROKE (G3E_SPNO,G3E_USERNAME,G3E_REPETITIONS,G3E_VISIBLEDASHES,G3E_DASHPATTERNADJUSTMENT,G3E_SEQUENCE_0,G3E_SEQUENCE_1,G3E_SEQUENCE_2,G3E_SEQUENCE_3,G3E_SEQUENCE_4,G3E_SEQUENCE_5,G3E_SEQUENCE_6,G3E_SEQUENCE_7,G3E_SEQUENCE_8,G3E_SEQUENCE_9,G3E_SYMBOLINDEX_0,G3E_STROKESYMBOL_0,G3E_SYMBOLPOSITION_0,G3E_SYMBOLROTATION_0,G3E_SYMBOLROTATIONRULE_0,G3E_SYMBOLOFFSET_0) values (53101,'Secondary Conductor 1-wire',1,1,'BOTH',-8,4,null,null,null,null,null,null,null,null,null,null,null,null,null,null);
insert into G3E_NORMALIZEDSTROKE (G3E_SPNO,G3E_USERNAME,G3E_REPETITIONS,G3E_VISIBLEDASHES,G3E_DASHPATTERNADJUSTMENT,G3E_SEQUENCE_0,G3E_SEQUENCE_1,G3E_SEQUENCE_2,G3E_SEQUENCE_3,G3E_SEQUENCE_4,G3E_SEQUENCE_5,G3E_SEQUENCE_6,G3E_SEQUENCE_7,G3E_SEQUENCE_8,G3E_SEQUENCE_9,G3E_SYMBOLINDEX_0,G3E_STROKESYMBOL_0,G3E_SYMBOLPOSITION_0,G3E_SYMBOLROTATION_0,G3E_SYMBOLROTATIONRULE_0,G3E_SYMBOLOFFSET_0) values (53102,'Secondary Conductor 2-wire PPI',1,1,'BOTH',-8,4,null,null,null,null,null,null,null,null,1,301,0.5,0,2,null);
insert into G3E_NORMALIZEDSTROKE (G3E_SPNO,G3E_USERNAME,G3E_REPETITIONS,G3E_VISIBLEDASHES,G3E_DASHPATTERNADJUSTMENT,G3E_SEQUENCE_0,G3E_SEQUENCE_1,G3E_SEQUENCE_2,G3E_SEQUENCE_3,G3E_SEQUENCE_4,G3E_SEQUENCE_5,G3E_SEQUENCE_6,G3E_SEQUENCE_7,G3E_SEQUENCE_8,G3E_SEQUENCE_9,G3E_SYMBOLINDEX_0,G3E_STROKESYMBOL_0,G3E_SYMBOLPOSITION_0,G3E_SYMBOLROTATION_0,G3E_SYMBOLROTATIONRULE_0,G3E_SYMBOLOFFSET_0) values (53103,'Secondary Conductor 2-wire PPR',1,1,'BOTH',-8,4,null,null,null,null,null,null,null,null,1,302,0.5,0,2,null);
insert into G3E_NORMALIZEDSTROKE (G3E_SPNO,G3E_USERNAME,G3E_REPETITIONS,G3E_VISIBLEDASHES,G3E_DASHPATTERNADJUSTMENT,G3E_SEQUENCE_0,G3E_SEQUENCE_1,G3E_SEQUENCE_2,G3E_SEQUENCE_3,G3E_SEQUENCE_4,G3E_SEQUENCE_5,G3E_SEQUENCE_6,G3E_SEQUENCE_7,G3E_SEQUENCE_8,G3E_SEQUENCE_9,G3E_SYMBOLINDEX_0,G3E_STROKESYMBOL_0,G3E_SYMBOLPOSITION_0,G3E_SYMBOLROTATION_0,G3E_SYMBOLROTATIONRULE_0,G3E_SYMBOLOFFSET_0) values (53104,'Secondary Conductor 2-wire OSR',1,1,'BOTH',-8,4,null,null,null,null,null,null,null,null,1,303,0.5,0,2,null);
insert into G3E_NORMALIZEDSTROKE (G3E_SPNO,G3E_USERNAME,G3E_REPETITIONS,G3E_VISIBLEDASHES,G3E_DASHPATTERNADJUSTMENT,G3E_SEQUENCE_0,G3E_SEQUENCE_1,G3E_SEQUENCE_2,G3E_SEQUENCE_3,G3E_SEQUENCE_4,G3E_SEQUENCE_5,G3E_SEQUENCE_6,G3E_SEQUENCE_7,G3E_SEQUENCE_8,G3E_SEQUENCE_9,G3E_SYMBOLINDEX_0,G3E_STROKESYMBOL_0,G3E_SYMBOLPOSITION_0,G3E_SYMBOLROTATION_0,G3E_SYMBOLROTATIONRULE_0,G3E_SYMBOLOFFSET_0) values (53105,'Secondary Conductor 2-wire default',1,1,'BOTH',-8,4,null,null,null,null,null,null,null,null,1,304,0.5,0,2,null);
insert into G3E_NORMALIZEDSTROKE (G3E_SPNO,G3E_USERNAME,G3E_REPETITIONS,G3E_VISIBLEDASHES,G3E_DASHPATTERNADJUSTMENT,G3E_SEQUENCE_0,G3E_SEQUENCE_1,G3E_SEQUENCE_2,G3E_SEQUENCE_3,G3E_SEQUENCE_4,G3E_SEQUENCE_5,G3E_SEQUENCE_6,G3E_SEQUENCE_7,G3E_SEQUENCE_8,G3E_SEQUENCE_9,G3E_SYMBOLINDEX_0,G3E_STROKESYMBOL_0,G3E_SYMBOLPOSITION_0,G3E_SYMBOLROTATION_0,G3E_SYMBOLROTATIONRULE_0,G3E_SYMBOLOFFSET_0) values (53106,'Secondary Conductor 3-wire PPI',1,1,'BOTH',-8,4,null,null,null,null,null,null,null,null,1,305,0.5,0,2,null);
insert into G3E_NORMALIZEDSTROKE (G3E_SPNO,G3E_USERNAME,G3E_REPETITIONS,G3E_VISIBLEDASHES,G3E_DASHPATTERNADJUSTMENT,G3E_SEQUENCE_0,G3E_SEQUENCE_1,G3E_SEQUENCE_2,G3E_SEQUENCE_3,G3E_SEQUENCE_4,G3E_SEQUENCE_5,G3E_SEQUENCE_6,G3E_SEQUENCE_7,G3E_SEQUENCE_8,G3E_SEQUENCE_9,G3E_SYMBOLINDEX_0,G3E_STROKESYMBOL_0,G3E_SYMBOLPOSITION_0,G3E_SYMBOLROTATION_0,G3E_SYMBOLROTATIONRULE_0,G3E_SYMBOLOFFSET_0) values (53107,'Secondary Conductor 3-wire PPR',1,1,'BOTH',-8,4,null,null,null,null,null,null,null,null,1,306,0.5,0,2,null);
insert into G3E_NORMALIZEDSTROKE (G3E_SPNO,G3E_USERNAME,G3E_REPETITIONS,G3E_VISIBLEDASHES,G3E_DASHPATTERNADJUSTMENT,G3E_SEQUENCE_0,G3E_SEQUENCE_1,G3E_SEQUENCE_2,G3E_SEQUENCE_3,G3E_SEQUENCE_4,G3E_SEQUENCE_5,G3E_SEQUENCE_6,G3E_SEQUENCE_7,G3E_SEQUENCE_8,G3E_SEQUENCE_9,G3E_SYMBOLINDEX_0,G3E_STROKESYMBOL_0,G3E_SYMBOLPOSITION_0,G3E_SYMBOLROTATION_0,G3E_SYMBOLROTATIONRULE_0,G3E_SYMBOLOFFSET_0) values (53108,'Secondary Conductor 3-wire OSR',1,1,'BOTH',-8,4,null,null,null,null,null,null,null,null,1,307,0.5,0,2,null);
insert into G3E_NORMALIZEDSTROKE (G3E_SPNO,G3E_USERNAME,G3E_REPETITIONS,G3E_VISIBLEDASHES,G3E_DASHPATTERNADJUSTMENT,G3E_SEQUENCE_0,G3E_SEQUENCE_1,G3E_SEQUENCE_2,G3E_SEQUENCE_3,G3E_SEQUENCE_4,G3E_SEQUENCE_5,G3E_SEQUENCE_6,G3E_SEQUENCE_7,G3E_SEQUENCE_8,G3E_SEQUENCE_9,G3E_SYMBOLINDEX_0,G3E_STROKESYMBOL_0,G3E_SYMBOLPOSITION_0,G3E_SYMBOLROTATION_0,G3E_SYMBOLROTATIONRULE_0,G3E_SYMBOLOFFSET_0) values (53109,'Secondary Conductor 3-wire default',1,1,'BOTH',-8,4,null,null,null,null,null,null,null,null,1,308,0.5,0,2,null);
insert into G3E_NORMALIZEDSTROKE (G3E_SPNO,G3E_USERNAME,G3E_REPETITIONS,G3E_VISIBLEDASHES,G3E_DASHPATTERNADJUSTMENT,G3E_SEQUENCE_0,G3E_SEQUENCE_1,G3E_SEQUENCE_2,G3E_SEQUENCE_3,G3E_SEQUENCE_4,G3E_SEQUENCE_5,G3E_SEQUENCE_6,G3E_SEQUENCE_7,G3E_SEQUENCE_8,G3E_SEQUENCE_9,G3E_SYMBOLINDEX_0,G3E_STROKESYMBOL_0,G3E_SYMBOLPOSITION_0,G3E_SYMBOLROTATION_0,G3E_SYMBOLROTATIONRULE_0,G3E_SYMBOLOFFSET_0) values (53110,'Secondary Conductor Neutral PPI',0,1,'BOTH',-8,4,null,null,null,null,null,null,null,null,1,309,0.5,0,3,null);
insert into G3E_NORMALIZEDSTROKE (G3E_SPNO,G3E_USERNAME,G3E_REPETITIONS,G3E_VISIBLEDASHES,G3E_DASHPATTERNADJUSTMENT,G3E_SEQUENCE_0,G3E_SEQUENCE_1,G3E_SEQUENCE_2,G3E_SEQUENCE_3,G3E_SEQUENCE_4,G3E_SEQUENCE_5,G3E_SEQUENCE_6,G3E_SEQUENCE_7,G3E_SEQUENCE_8,G3E_SEQUENCE_9,G3E_SYMBOLINDEX_0,G3E_STROKESYMBOL_0,G3E_SYMBOLPOSITION_0,G3E_SYMBOLROTATION_0,G3E_SYMBOLROTATIONRULE_0,G3E_SYMBOLOFFSET_0) values (53111,'Secondary Conductor Neutral PPR',0,1,'BOTH',-8,4,null,null,null,null,null,null,null,null,1,310,0.5,0,3,null);
insert into G3E_NORMALIZEDSTROKE (G3E_SPNO,G3E_USERNAME,G3E_REPETITIONS,G3E_VISIBLEDASHES,G3E_DASHPATTERNADJUSTMENT,G3E_SEQUENCE_0,G3E_SEQUENCE_1,G3E_SEQUENCE_2,G3E_SEQUENCE_3,G3E_SEQUENCE_4,G3E_SEQUENCE_5,G3E_SEQUENCE_6,G3E_SEQUENCE_7,G3E_SEQUENCE_8,G3E_SEQUENCE_9,G3E_SYMBOLINDEX_0,G3E_STROKESYMBOL_0,G3E_SYMBOLPOSITION_0,G3E_SYMBOLROTATION_0,G3E_SYMBOLROTATIONRULE_0,G3E_SYMBOLOFFSET_0) values (53112,'Secondary Conductor Neutral OSR',0,1,'BOTH',-8,4,null,null,null,null,null,null,null,null,1,311,0.5,0,3,null);
insert into G3E_NORMALIZEDSTROKE (G3E_SPNO,G3E_USERNAME,G3E_REPETITIONS,G3E_VISIBLEDASHES,G3E_DASHPATTERNADJUSTMENT,G3E_SEQUENCE_0,G3E_SEQUENCE_1,G3E_SEQUENCE_2,G3E_SEQUENCE_3,G3E_SEQUENCE_4,G3E_SEQUENCE_5,G3E_SEQUENCE_6,G3E_SEQUENCE_7,G3E_SEQUENCE_8,G3E_SEQUENCE_9,G3E_SYMBOLINDEX_0,G3E_STROKESYMBOL_0,G3E_SYMBOLPOSITION_0,G3E_SYMBOLROTATION_0,G3E_SYMBOLROTATIONRULE_0,G3E_SYMBOLOFFSET_0) values (53113,'Secondary Conductor Neutral default',0,1,'BOTH',-8,4,null,null,null,null,null,null,null,null,1,312,0.5,0,3,null);


-- Line styles

insert into G3E_LINESTYLE(G3E_SNO,G3E_USERNAME,G3E_COLOR,G3E_WIDTH,G3E_STROKEPATTERN,G3E_OFFSET,G3E_STARTSYMBOL,G3E_ENDSYMBOL,G3E_PLOTREDLINE,G3E_STYLEUNITS) values (53301,'Secondary Conductor - PPI N',10158079,2.25,53110,0,null,null,1,3);
insert into G3E_LINESTYLE(G3E_SNO,G3E_USERNAME,G3E_COLOR,G3E_WIDTH,G3E_STROKEPATTERN,G3E_OFFSET,G3E_STARTSYMBOL,G3E_ENDSYMBOL,G3E_PLOTREDLINE,G3E_STYLEUNITS) values (53302,'Secondary Conductor - PPI D',10158079,3.5,53101,0,null,null,1,3);
insert into G3E_LINESTYLE(G3E_SNO,G3E_USERNAME,G3E_COLOR,G3E_WIDTH,G3E_STROKEPATTERN,G3E_OFFSET,G3E_STARTSYMBOL,G3E_ENDSYMBOL,G3E_PLOTREDLINE,G3E_STYLEUNITS) values (53303,'Secondary Conductor - PPI T',10158079,3.5,53102,0,null,null,1,3);
insert into G3E_LINESTYLE(G3E_SNO,G3E_USERNAME,G3E_COLOR,G3E_WIDTH,G3E_STROKEPATTERN,G3E_OFFSET,G3E_STARTSYMBOL,G3E_ENDSYMBOL,G3E_PLOTREDLINE,G3E_STYLEUNITS) values (53304,'Secondary Conductor - PPI Q',10158079,3.5,53106,0,null,null,1,3);
insert into G3E_LINESTYLE(G3E_SNO,G3E_USERNAME,G3E_COLOR,G3E_WIDTH,G3E_STROKEPATTERN,G3E_OFFSET,G3E_STARTSYMBOL,G3E_ENDSYMBOL,G3E_PLOTREDLINE,G3E_STYLEUNITS) values (53305,'Secondary Conductor - PPR N',15658734,1.25,53111,0,null,null,1,3);
insert into G3E_LINESTYLE(G3E_SNO,G3E_USERNAME,G3E_COLOR,G3E_WIDTH,G3E_STROKEPATTERN,G3E_OFFSET,G3E_STARTSYMBOL,G3E_ENDSYMBOL,G3E_PLOTREDLINE,G3E_STYLEUNITS) values (53306,'Secondary Conductor - PPR D',15658734,1.75,53101,0,null,null,1,3);
insert into G3E_LINESTYLE(G3E_SNO,G3E_USERNAME,G3E_COLOR,G3E_WIDTH,G3E_STROKEPATTERN,G3E_OFFSET,G3E_STARTSYMBOL,G3E_ENDSYMBOL,G3E_PLOTREDLINE,G3E_STYLEUNITS) values (53307,'Secondary Conductor - PPR T',15658734,1.75,53103,0,null,null,1,3);
insert into G3E_LINESTYLE(G3E_SNO,G3E_USERNAME,G3E_COLOR,G3E_WIDTH,G3E_STROKEPATTERN,G3E_OFFSET,G3E_STARTSYMBOL,G3E_ENDSYMBOL,G3E_PLOTREDLINE,G3E_STYLEUNITS) values (53308,'Secondary Conductor - PPR Q',15658734,1.75,53107,0,null,null,1,3);
insert into G3E_LINESTYLE(G3E_SNO,G3E_USERNAME,G3E_COLOR,G3E_WIDTH,G3E_STROKEPATTERN,G3E_OFFSET,G3E_STARTSYMBOL,G3E_ENDSYMBOL,G3E_PLOTREDLINE,G3E_STYLEUNITS) values (53309,'Secondary Conductor - OSR N',14540253,1.25,53112,0,null,null,1,3);
insert into G3E_LINESTYLE(G3E_SNO,G3E_USERNAME,G3E_COLOR,G3E_WIDTH,G3E_STROKEPATTERN,G3E_OFFSET,G3E_STARTSYMBOL,G3E_ENDSYMBOL,G3E_PLOTREDLINE,G3E_STYLEUNITS) values (53310,'Secondary Conductor - OSR D',14540253,1.75,53101,0,null,null,1,3);
insert into G3E_LINESTYLE(G3E_SNO,G3E_USERNAME,G3E_COLOR,G3E_WIDTH,G3E_STROKEPATTERN,G3E_OFFSET,G3E_STARTSYMBOL,G3E_ENDSYMBOL,G3E_PLOTREDLINE,G3E_STYLEUNITS) values (53311,'Secondary Conductor - OSR T',14540253,1.75,53104,0,null,null,1,3);
insert into G3E_LINESTYLE(G3E_SNO,G3E_USERNAME,G3E_COLOR,G3E_WIDTH,G3E_STROKEPATTERN,G3E_OFFSET,G3E_STARTSYMBOL,G3E_ENDSYMBOL,G3E_PLOTREDLINE,G3E_STYLEUNITS) values (53312,'Secondary Conductor - OSR Q',14540253,1.75,53108,0,null,null,1,3);
insert into G3E_LINESTYLE(G3E_SNO,G3E_USERNAME,G3E_COLOR,G3E_WIDTH,G3E_STROKEPATTERN,G3E_OFFSET,G3E_STARTSYMBOL,G3E_ENDSYMBOL,G3E_PLOTREDLINE,G3E_STYLEUNITS) values (53313,'Secondary Conductor - N',16751104,1.25,53113,0,null,null,1,3);
insert into G3E_LINESTYLE(G3E_SNO,G3E_USERNAME,G3E_COLOR,G3E_WIDTH,G3E_STROKEPATTERN,G3E_OFFSET,G3E_STARTSYMBOL,G3E_ENDSYMBOL,G3E_PLOTREDLINE,G3E_STYLEUNITS) values (53314,'Secondary Conductor - D',16768256,1.75,53101,0,null,null,1,3);
insert into G3E_LINESTYLE(G3E_SNO,G3E_USERNAME,G3E_COLOR,G3E_WIDTH,G3E_STROKEPATTERN,G3E_OFFSET,G3E_STARTSYMBOL,G3E_ENDSYMBOL,G3E_PLOTREDLINE,G3E_STYLEUNITS) values (53315,'Secondary Conductor - T',16768256,1.75,53105,0,null,null,1,3);
insert into G3E_LINESTYLE(G3E_SNO,G3E_USERNAME,G3E_COLOR,G3E_WIDTH,G3E_STROKEPATTERN,G3E_OFFSET,G3E_STARTSYMBOL,G3E_ENDSYMBOL,G3E_PLOTREDLINE,G3E_STYLEUNITS) values (53316,'Secondary Conductor - Q',16768256,1.75,53109,0,null,null,1,3);
insert into G3E_LINESTYLE(G3E_SNO,G3E_USERNAME,G3E_COLOR,G3E_WIDTH,G3E_STROKEPATTERN,G3E_OFFSET,G3E_STARTSYMBOL,G3E_ENDSYMBOL,G3E_PLOTREDLINE,G3E_STYLEUNITS) values (53317,'Secondary Conductor - default',16768256,1.25,100,0,null,null,1,3);


-- Style rules - GIS

insert into G3E_STYLERULE(G3E_SRROWNO,G3E_SRNO,G3E_RULE,G3E_FILTER,G3E_FILTERORDINAL,G3E_SNO,G3E_DESCRIPTION) values (5310101,53101,'Secondary Conductor Linear','FEATURE_STATE_C in (''PPI'',''ABI'') and BUNDLE_C=''N''',1,53301,'Secondary Conductor - PPI N');
insert into G3E_STYLERULE(G3E_SRROWNO,G3E_SRNO,G3E_RULE,G3E_FILTER,G3E_FILTERORDINAL,G3E_SNO,G3E_DESCRIPTION) values (5310102,53101,'Secondary Conductor Linear','FEATURE_STATE_C in (''PPI'',''ABI'') and BUNDLE_C=''D''',2,53302,'Secondary Conductor - PPI D');
insert into G3E_STYLERULE(G3E_SRROWNO,G3E_SRNO,G3E_RULE,G3E_FILTER,G3E_FILTERORDINAL,G3E_SNO,G3E_DESCRIPTION) values (5310103,53101,'Secondary Conductor Linear','FEATURE_STATE_C in (''PPI'',''ABI'') and BUNDLE_C=''T''',3,53303,'Secondary Conductor - PPI T');
insert into G3E_STYLERULE(G3E_SRROWNO,G3E_SRNO,G3E_RULE,G3E_FILTER,G3E_FILTERORDINAL,G3E_SNO,G3E_DESCRIPTION) values (5310104,53101,'Secondary Conductor Linear','FEATURE_STATE_C in (''PPI'',''ABI'') and BUNDLE_C=''Q''',4,53304,'Secondary Conductor - PPI Q');
insert into G3E_STYLERULE(G3E_SRROWNO,G3E_SRNO,G3E_RULE,G3E_FILTER,G3E_FILTERORDINAL,G3E_SNO,G3E_DESCRIPTION) values (5310105,53101,'Secondary Conductor Linear','FEATURE_STATE_C in (''PPR'',''ABR'',''PPA'',''ABA'') and BUNDLE_C=''N''',5,53305,'Secondary Conductor - PPR N');
insert into G3E_STYLERULE(G3E_SRROWNO,G3E_SRNO,G3E_RULE,G3E_FILTER,G3E_FILTERORDINAL,G3E_SNO,G3E_DESCRIPTION) values (5310106,53101,'Secondary Conductor Linear','FEATURE_STATE_C in (''PPR'',''ABR'',''PPA'',''ABA'') and BUNDLE_C=''D''',6,53306,'Secondary Conductor - PPR D');
insert into G3E_STYLERULE(G3E_SRROWNO,G3E_SRNO,G3E_RULE,G3E_FILTER,G3E_FILTERORDINAL,G3E_SNO,G3E_DESCRIPTION) values (5310107,53101,'Secondary Conductor Linear','FEATURE_STATE_C in (''PPR'',''ABR'',''PPA'',''ABA'') and BUNDLE_C=''T''',7,53307,'Secondary Conductor - PPR T');
insert into G3E_STYLERULE(G3E_SRROWNO,G3E_SRNO,G3E_RULE,G3E_FILTER,G3E_FILTERORDINAL,G3E_SNO,G3E_DESCRIPTION) values (5310108,53101,'Secondary Conductor Linear','FEATURE_STATE_C in (''PPR'',''ABR'',''PPA'',''ABA'') and BUNDLE_C=''Q''',8,53308,'Secondary Conductor - PPR Q');
insert into G3E_STYLERULE(G3E_SRROWNO,G3E_SRNO,G3E_RULE,G3E_FILTER,G3E_FILTERORDINAL,G3E_SNO,G3E_DESCRIPTION) values (5310109,53101,'Secondary Conductor Linear','FEATURE_STATE_C in (''OSR'',''OSA'') and BUNDLE_C=''N''',9,53309,'Secondary Conductor - OSR N');
insert into G3E_STYLERULE(G3E_SRROWNO,G3E_SRNO,G3E_RULE,G3E_FILTER,G3E_FILTERORDINAL,G3E_SNO,G3E_DESCRIPTION) values (5310110,53101,'Secondary Conductor Linear','FEATURE_STATE_C in (''OSR'',''OSA'') and BUNDLE_C=''D''',10,53310,'Secondary Conductor - OSR D');
insert into G3E_STYLERULE(G3E_SRROWNO,G3E_SRNO,G3E_RULE,G3E_FILTER,G3E_FILTERORDINAL,G3E_SNO,G3E_DESCRIPTION) values (5310111,53101,'Secondary Conductor Linear','FEATURE_STATE_C in (''OSR'',''OSA'') and BUNDLE_C=''T''',11,53311,'Secondary Conductor - OSR T');
insert into G3E_STYLERULE(G3E_SRROWNO,G3E_SRNO,G3E_RULE,G3E_FILTER,G3E_FILTERORDINAL,G3E_SNO,G3E_DESCRIPTION) values (5310112,53101,'Secondary Conductor Linear','FEATURE_STATE_C in (''OSR'',''OSA'') and BUNDLE_C=''Q''',12,53312,'Secondary Conductor - OSR Q');
insert into G3E_STYLERULE(G3E_SRROWNO,G3E_SRNO,G3E_RULE,G3E_FILTER,G3E_FILTERORDINAL,G3E_SNO,G3E_DESCRIPTION) values (5310113,53101,'Secondary Conductor Linear','BUNDLE_C=''N''',13,53313,'Secondary Conductor - N');
insert into G3E_STYLERULE(G3E_SRROWNO,G3E_SRNO,G3E_RULE,G3E_FILTER,G3E_FILTERORDINAL,G3E_SNO,G3E_DESCRIPTION) values (5310114,53101,'Secondary Conductor Linear','BUNDLE_C=''D''',14,53314,'Secondary Conductor - D');
insert into G3E_STYLERULE(G3E_SRROWNO,G3E_SRNO,G3E_RULE,G3E_FILTER,G3E_FILTERORDINAL,G3E_SNO,G3E_DESCRIPTION) values (5310115,53101,'Secondary Conductor Linear','BUNDLE_C=''T''',15,53315,'Secondary Conductor - T');
insert into G3E_STYLERULE(G3E_SRROWNO,G3E_SRNO,G3E_RULE,G3E_FILTER,G3E_FILTERORDINAL,G3E_SNO,G3E_DESCRIPTION) values (5310116,53101,'Secondary Conductor Linear','BUNDLE_C=''Q''',16,53316,'Secondary Conductor - Q');
insert into G3E_STYLERULE(G3E_SRROWNO,G3E_SRNO,G3E_RULE,G3E_FILTER,G3E_FILTERORDINAL,G3E_SNO,G3E_DESCRIPTION) values (5310199,53101,'Secondary Conductor Linear','',99,53317,'Secondary Conductor - default');


-- Style rules - OMS

insert into G3E_STYLERULE(G3E_SRROWNO,G3E_SRNO,G3E_RULE,G3E_FILTER,G3E_FILTERORDINAL,G3E_SNO,G3E_DESCRIPTION) values (5320101,53201,'Secondary Conductor Linear - OMS','FEATURE_STATE_C in (''PPI'',''ABI'') and BUNDLE_C=''N''',1,53301,'Secondary Conductor - PPI N');
insert into G3E_STYLERULE(G3E_SRROWNO,G3E_SRNO,G3E_RULE,G3E_FILTER,G3E_FILTERORDINAL,G3E_SNO,G3E_DESCRIPTION) values (5320102,53201,'Secondary Conductor Linear - OMS','FEATURE_STATE_C in (''PPI'',''ABI'') and BUNDLE_C=''D''',2,53302,'Secondary Conductor - PPI D');
insert into G3E_STYLERULE(G3E_SRROWNO,G3E_SRNO,G3E_RULE,G3E_FILTER,G3E_FILTERORDINAL,G3E_SNO,G3E_DESCRIPTION) values (5320103,53201,'Secondary Conductor Linear - OMS','FEATURE_STATE_C in (''PPI'',''ABI'') and BUNDLE_C=''T''',3,53303,'Secondary Conductor - PPI T');
insert into G3E_STYLERULE(G3E_SRROWNO,G3E_SRNO,G3E_RULE,G3E_FILTER,G3E_FILTERORDINAL,G3E_SNO,G3E_DESCRIPTION) values (5320104,53201,'Secondary Conductor Linear - OMS','FEATURE_STATE_C in (''PPI'',''ABI'') and BUNDLE_C=''Q''',4,53304,'Secondary Conductor - PPI Q');
insert into G3E_STYLERULE(G3E_SRROWNO,G3E_SRNO,G3E_RULE,G3E_FILTER,G3E_FILTERORDINAL,G3E_SNO,G3E_DESCRIPTION) values (5320105,53201,'Secondary Conductor Linear - OMS','FEATURE_STATE_C in (''PPR'',''ABR'',''PPA'',''ABA'') and BUNDLE_C=''N''',5,53305,'Secondary Conductor - PPR N');
insert into G3E_STYLERULE(G3E_SRROWNO,G3E_SRNO,G3E_RULE,G3E_FILTER,G3E_FILTERORDINAL,G3E_SNO,G3E_DESCRIPTION) values (5320106,53201,'Secondary Conductor Linear - OMS','FEATURE_STATE_C in (''PPR'',''ABR'',''PPA'',''ABA'') and BUNDLE_C=''D''',6,53306,'Secondary Conductor - PPR D');
insert into G3E_STYLERULE(G3E_SRROWNO,G3E_SRNO,G3E_RULE,G3E_FILTER,G3E_FILTERORDINAL,G3E_SNO,G3E_DESCRIPTION) values (5320107,53201,'Secondary Conductor Linear - OMS','FEATURE_STATE_C in (''PPR'',''ABR'',''PPA'',''ABA'') and BUNDLE_C=''T''',7,53307,'Secondary Conductor - PPR T');
insert into G3E_STYLERULE(G3E_SRROWNO,G3E_SRNO,G3E_RULE,G3E_FILTER,G3E_FILTERORDINAL,G3E_SNO,G3E_DESCRIPTION) values (5320108,53201,'Secondary Conductor Linear - OMS','FEATURE_STATE_C in (''PPR'',''ABR'',''PPA'',''ABA'') and BUNDLE_C=''Q''',8,53308,'Secondary Conductor - PPR Q');
insert into G3E_STYLERULE(G3E_SRROWNO,G3E_SRNO,G3E_RULE,G3E_FILTER,G3E_FILTERORDINAL,G3E_SNO,G3E_DESCRIPTION) values (5320109,53201,'Secondary Conductor Linear - OMS','FEATURE_STATE_C in (''OSR'',''OSA'') and BUNDLE_C=''N''',9,53309,'Secondary Conductor - OSR N');
insert into G3E_STYLERULE(G3E_SRROWNO,G3E_SRNO,G3E_RULE,G3E_FILTER,G3E_FILTERORDINAL,G3E_SNO,G3E_DESCRIPTION) values (5320110,53201,'Secondary Conductor Linear - OMS','FEATURE_STATE_C in (''OSR'',''OSA'') and BUNDLE_C=''D''',10,53310,'Secondary Conductor - OSR D');
insert into G3E_STYLERULE(G3E_SRROWNO,G3E_SRNO,G3E_RULE,G3E_FILTER,G3E_FILTERORDINAL,G3E_SNO,G3E_DESCRIPTION) values (5320111,53201,'Secondary Conductor Linear - OMS','FEATURE_STATE_C in (''OSR'',''OSA'') and BUNDLE_C=''T''',11,53311,'Secondary Conductor - OSR T');
insert into G3E_STYLERULE(G3E_SRROWNO,G3E_SRNO,G3E_RULE,G3E_FILTER,G3E_FILTERORDINAL,G3E_SNO,G3E_DESCRIPTION) values (5320112,53201,'Secondary Conductor Linear - OMS','FEATURE_STATE_C in (''OSR'',''OSA'') and BUNDLE_C=''Q''',12,53312,'Secondary Conductor - OSR Q');
insert into G3E_STYLERULE(G3E_SRROWNO,G3E_SRNO,G3E_RULE,G3E_FILTER,G3E_FILTERORDINAL,G3E_SNO,G3E_DESCRIPTION) values (5320113,53201,'Secondary Conductor Linear - OMS','BUNDLE_C=''N''',13,53313,'Secondary Conductor - N');
insert into G3E_STYLERULE(G3E_SRROWNO,G3E_SRNO,G3E_RULE,G3E_FILTER,G3E_FILTERORDINAL,G3E_SNO,G3E_DESCRIPTION) values (5320114,53201,'Secondary Conductor Linear - OMS','BUNDLE_C=''D''',14,53314,'Secondary Conductor - D');
insert into G3E_STYLERULE(G3E_SRROWNO,G3E_SRNO,G3E_RULE,G3E_FILTER,G3E_FILTERORDINAL,G3E_SNO,G3E_DESCRIPTION) values (5320115,53201,'Secondary Conductor Linear - OMS','BUNDLE_C=''T''',15,53315,'Secondary Conductor - T');
insert into G3E_STYLERULE(G3E_SRROWNO,G3E_SRNO,G3E_RULE,G3E_FILTER,G3E_FILTERORDINAL,G3E_SNO,G3E_DESCRIPTION) values (5320116,53201,'Secondary Conductor Linear - OMS','BUNDLE_C=''Q''',16,53316,'Secondary Conductor - Q');
insert into G3E_STYLERULE(G3E_SRROWNO,G3E_SRNO,G3E_RULE,G3E_FILTER,G3E_FILTERORDINAL,G3E_SNO,G3E_DESCRIPTION) values (5320199,53201,'Secondary Conductor Linear - OMS','',99,53317,'Secondary Conductor - default');


spool off;
